{
  "attack": {
    "Afghanistan": 1.0,
    "Albania": 0.6255963010809296,
    "Algeria": 2.185305648547012,
    "Andorra": 0.21424700084406623,
    "Angola": 0.7303003119904752,
    "Argentina": 3.005398884316649,
    "Armenia": 0.7809915576193187,
    "Aruba": 0.5627285261646414,
    "Australia": 1.875363853384475,
    "Austria": 1.6135192962022484,
    "Azerbaijan": 0.6628879009692645,
    "Bahrain": 1.6823282535215947,
    "Bangladesh": 0.34541214016223126,
    "Barbados": 0.7710151008912939,
    "Belarus": 1.0098204339687067,
    "Belgium": 2.08392863050116,
    "Benin": 0.5629090168046219,
    "Bermuda": 0.9877462465814905,
    "Bolivia": 1.286162608568508,
    "Bosnia and Herzegovina": 1.140675924238032,
    "Botswana": 0.6544042898494946,
    "Brazil": 2.417099676421939,
    "Bulgaria": 0.317986590768887,
    "Burkina Faso": 0.5259355164945095,
    "Burundi": 0.072059975181961,
    "Cambodia": 0.8883621005693182,
    "Cameroon": 1.0761692986402018,
    "Canada": 2.0963978260255414,
    "Cape Verde": 1.1983160295756388,
    "Central African Republic": 0.8740937429653319,
    "Chad": 0.37821810435858694,
    "Chile": 0.4442236987280371,
    "China PR": 0.6456082288201604,
    "Colombia": 3.1132838911320984,
    "Comoros": 0.9777654373687032,
    "Congo": 0.3260715601940256,
    "Costa Rica": 1.0378324784377153,
    "Croatia": 1.8258084447360001,
    "Cuba": 0.9414814114069052,
    "Curaçao": 1.0261638324398141,
    "Cyprus": 0.6561797287576727,
    "Czech Republic": 1.547751251377635,
    "DR Congo": 1.3606110439197248,
    "Denmark": 1.8887376786053418,
    "Djibouti": 0.16290675460163523,
    "Ecuador": 1.472333573892542,
    "Egypt": 1.391639194459538,
    "El Salvador": 0.14251003310930002,
    "England": 2.7134108573082294,
    "Equatorial Guinea": 0.7015258530446675,
    "Estonia": 0.3177642854594382,
    "Eswatini": 0.18703191187715515,
    "Ethiopia": 0.6752080621237796,
    "Faroe Islands": 0.9915086118803738,
    "Finland": 0.4608416657211328,
    "France": 2.2999549487592135,
    "Gabon": 1.363032380462202,
    "Gambia": 0.577538800759163,
    "Georgia": 1.433933413874278,
    "Germany": 2.5729262798195456,
    "Ghana": 1.3440220147499644,
    "Gibraltar": 0.049787068367863944,
    "Greece": 2.110198782155268,
    "Grenada": 0.25170357017494327,
    "Guadeloupe": 2.3384067708275817,
    "Guatemala": 1.1002615503092505,
    "Guinea": 0.9176866820716846,
    "Guinea-Bissau": 0.2640212515275189,
    "Guyana": 0.40903465625806834,
    "Haiti": 1.2128874092659014,
    "Honduras": 1.213224491950386,
    "Hong Kong": 0.6683258495585909,
    "Hungary": 1.3866358933780643,
    "Iceland": 1.6304629430738826,
    "India": 0.3259169624922834,
    "Indonesia": 1.338234593016345,
    "Iran": 1.8261811571349111,
    "Iraq": 1.2992961489072146,
    "Israel": 1.1994611444610686,
    "Italy": 1.541272429765354,
    "Ivory Coast": 1.6791596145120986,
    "Jamaica": 0.9231734413412668,
    "Japan": 2.5095401782326348,
    "Jordan": 2.266284372448772,
    "Kazakhstan": 0.2919339254635406,
    "Kenya": 0.16966203981085182,
    "Kosovo": 0.7842694764363054,
    "Kuwait": 1.1295172061766736,
    "Kyrgyzstan": 1.4871342051190155,
    "Latvia": 0.27940151469181135,
    "Lebanon": 0.22625757171439043,
    "Lesotho": 0.9651886328679056,
    "Liberia": 0.34079454867151643,
    "Libya": 1.2558651865895654,
    "Liechtenstein": 0.06560337306453472,
    "Lithuania": 1.1646272071872972,
    "Luxembourg": 0.7231509510545575,
    "Madagascar": 0.5946044371832048,
    "Malawi": 0.09676806807760956,
    "Mali": 0.8882279161943184,
    "Malta": 0.09435457173966356,
    "Martinique": 0.6621934455468188,
    "Mauritania": 0.25384266984735193,
    "Mexico": 1.7280006559033407,
    "Moldova": 0.4380269006251795,
    "Montenegro": 0.8797495174986567,
    "Montserrat": 0.7802153350680449,
    "Morocco": 2.2545522560873534,
    "Mozambique": 0.6958776705762807,
    "Myanmar": 0.40361293076721755,
    "Namibia": 0.33002324111821546,
    "Nepal": 0.6609245920803871,
    "Netherlands": 2.3061456459767937,
    "New Zealand": 0.7117187376687727,
    "Nicaragua": 0.049787068367863944,
    "Niger": 1.3584851874644457,
    "Nigeria": 1.6279049456590626,
    "North Korea": 0.9675033158951468,
    "North Macedonia": 0.5433063344036619,
    "Northern Ireland": 0.5892434426473475,
    "Norway": 2.7585615288449215,
    "Oman": 0.9788581037824489,
    "Pakistan": 0.14592651869231654,
    "Palestine": 1.4719683574487654,
    "Panama": 1.7400859912703106,
    "Paraguay": 1.7038376240613078,
    "Peru": 0.6724601250928939,
    "Philippines": 0.2756870017638166,
    "Poland": 1.738205210552097,
    "Portugal": 2.6084463075903424,
    "Qatar": 1.3958987990964342,
    "Republic of Ireland": 1.5011822110123638,
    "Romania": 0.6660787447401024,
    "Russia": 0.9487857087415135,
    "Rwanda": 0.45134315576135753,
    "Saint Kitts and Nevis": 0.7776195769879899,
    "Saint Lucia": 0.9395274634675481,
    "San Marino": 0.049787068367863944,
    "Saudi Arabia": 1.326689273321947,
    "Scotland": 1.7962303999101026,
    "Senegal": 2.1627708078502907,
    "Serbia": 1.2615490380674939,
    "Seychelles": 0.1637022787476105,
    "Sierra Leone": 0.7627365823032793,
    "Singapore": 0.3055217224747538,
    "Sint Maarten": 0.1121975074832361,
    "Slovakia": 1.3864681175489335,
    "Slovenia": 0.7584616421152278,
    "South Africa": 1.464998032415384,
    "South Korea": 2.0936960244283322,
    "South Sudan": 0.6247091754413527,
    "Spain": 3.2104093209588593,
    "Sri Lanka": 0.7603410150581036,
    "Sudan": 0.4821582238779408,
    "Suriname": 0.36347097285313823,
    "Sweden": 1.8759174718883873,
    "Switzerland": 2.278385734342002,
    "Syria": 0.7993742446608272,
    "São Tomé and Príncipe": 0.16609729086444336,
    "Taiwan": 1.093432483568508,
    "Tajikistan": 0.3722672146349359,
    "Tanzania": 0.4508424852737355,
    "Thailand": 0.8505696711625016,
    "Togo": 0.413126390745212,
    "Trinidad and Tobago": 0.8217222975813115,
    "Tunisia": 1.6249173456635089,
    "Turkey": 2.0363740446929866,
    "Turkmenistan": 0.7374221809143736,
    "Uganda": 1.1090921984816275,
    "Ukraine": 1.1182269483368916,
    "United Arab Emirates": 1.2949248433614797,
    "United States": 1.7600457084398666,
    "Uruguay": 1.9863515268209142,
    "Uzbekistan": 1.361109934525388,
    "Venezuela": 2.2872955715827237,
    "Vietnam": 1.8609519618713954,
    "Wales": 1.2943625649465917,
    "Yemen": 1.233814306337597,
    "Zambia": 0.9890460381163318,
    "Zimbabwe": 1.268821450116191
  },
  "defense": {
    "Afghanistan": 1.0,
    "Albania": 0.62351083849471,
    "Algeria": 0.685414280811194,
    "Andorra": 0.6115684243836929,
    "Angola": 0.6664426635219799,
    "Argentina": 0.2718955338264345,
    "Armenia": 1.8476061505631185,
    "Aruba": 3.406300075066697,
    "Australia": 0.39441887966274686,
    "Austria": 0.7165001412348251,
    "Azerbaijan": 1.315869113218513,
    "Bahrain": 1.1058627202136375,
    "Bangladesh": 1.7890275559313906,
    "Barbados": 2.39599749091278,
    "Belarus": 1.083707993745645,
    "Belgium": 0.8376771362985854,
    "Benin": 1.3233143835459429,
    "Bermuda": 3.90761644661749,
    "Bolivia": 0.923174587686214,
    "Bosnia and Herzegovina": 1.0987590549907846,
    "Botswana": 1.2240503629392403,
    "Brazil": 0.39170128422076106,
    "Bulgaria": 1.230358683598439,
    "Burkina Faso": 0.7517523689644483,
    "Burundi": 0.5478780894178127,
    "Cambodia": 5.410684679146226,
    "Cameroon": 0.666909429751468,
    "Canada": 0.6639638067875651,
    "Cape Verde": 1.102257387136703,
    "Central African Republic": 2.034823679808165,
    "Chad": 1.6778228197936584,
    "Chile": 0.5355350917478502,
    "China PR": 1.0937240389241167,
    "Colombia": 0.4922092162343977,
    "Comoros": 0.9439266522128473,
    "Congo": 1.0277008177000342,
    "Costa Rica": 0.8564644028959042,
    "Croatia": 0.5439175538054613,
    "Cuba": 1.5600809156002082,
    "Curaçao": 0.729207297131645,