{
  "attack": {
    "Afghanistan": 1.0,
    "Albania": 0.617571780848082,
    "Algeria": 1.8490775963802624,
    "Andorra": 0.23984623309460984,
    "Angola": 0.761321180634756,
    "Argentina": 2.435380122392021,
    "Armenia": 0.8044442854820658,
    "Aruba": 0.5438929099395012,
    "Australia": 1.826910319352323,
    "Austria": 2.140739043332271,
    "Azerbaijan": 0.7841582214083377,
    "Bahrain": 1.4555001268699646,
    "Bangladesh": 0.47161632324303077,
    "Barbados": 0.6527561790863957,
    "Belarus": 1.2009445974341086,
    "Belgium": 2.5119969318199296,
    "Benin": 0.4764086756282017,
    "Bermuda": 0.6408812645669612,
    "Bolivia": 0.9535730221978861,
    "Bosnia and Herzegovina": 1.3801811428993322,
    "Botswana": 0.6421086923510194,
    "Brazil": 1.8711181663573688,
    "Bulgaria": 0.32233156973011146,
    "Burkina Faso": 0.4885405194503401,
    "Burundi": 0.1034218774418055,
    "Cambodia": 0.8845534761960727,
    "Cameroon": 1.1613546072121563,
    "Canada": 1.6878939595396503,
    "Cape Verde": 1.00040151474369,
    "Central African Republic": 0.7803828145211485,
    "Chad": 0.35496337473788714,
    "Chile": 0.2825274362125473,
    "China PR": 0.5805320736964483,
    "Colombia": 2.346849655402005,
    "Comoros": 0.8325839433997916,
    "Congo": 0.3005302347449644,
    "Costa Rica": 0.991574094121294,
    "Croatia": 2.3237753581212197,
    "Cuba": 0.9183774504183176,
    "Curaçao": 1.004616848559397,
    "Cyprus": 0.8479648092898942,
    "Czech Republic": 1.875856325288119,
    "DR Congo": 1.192132723760867,
    "Denmark": 2.1318466567233973,
    "Djibouti": 0.22226081228480735,
    "Ecuador": 0.976252405379202,
    "Egypt": 1.2978792867938163,
    "El Salvador": 0.12329473738443844,
    "England": 3.6889127859377653,
    "Equatorial Guinea": 0.5642460107358079,
    "Estonia": 0.3212548804636751,
    "Eswatini": 0.2865460583770849,
    "Ethiopia": 0.6326833117674623,
    "Faroe Islands": 1.085174818406174,
    "Finland": 0.4686754473059097,
    "France": 2.91801005242472,
    "Gabon": 1.3967705322311672,
    "Gambia": 0.46806635063868046,
    "Georgia": 1.658103529630732,
    "Germany": 3.615429949355006,
    "Ghana": 1.2074826507688443,
    "Gibraltar": 0.052440979020176366,
    "Greece": 2.4783382544585866,
    "Grenada": 0.18889994015865738,
    "Guadeloupe": 2.5090601866318982,
    "Guatemala": 1.0368678841915526,
    "Guinea": 0.7879481116104997,
    "Guinea-Bissau": 0.29438176750834405,
    "Guyana": 0.49045085436781255,
    "Haiti": 1.0542780496791633,
    "Honduras": 1.1391897362857457,
    "Hong Kong": 0.5863564244820999,
    "Hungary": 1.5911075974236404,
    "Iceland": 1.8099219485051696,
    "India": 0.37098335256795834,
    "Indonesia": 1.0755709656968002,
    "Iran": 1.7492495125840604,
    "Iraq": 1.1534323035834937,
    "Israel": 1.3678441138062378,
    "Italy": 1.785337597028937,
    "Ivory Coast": 1.5221911411535278,
    "Jamaica": 0.7248101194204347,
    "Japan": 2.5044143650490374,
    "Jordan": 2.0340157415531226,
    "Kazakhstan": 0.3238770425084382,
    "Kenya": 0.2524324487073835,
    "Kosovo": 0.9179047544851466,
    "Kuwait": 0.9923216280085341,
    "Kyrgyzstan": 1.3808746964576812,
    "Latvia": 0.2744888611717861,
    "Lebanon": 0.2779411707730635,
    "Lesotho": 0.8932787148179693,
    "Liberia": 0.23993572855720932,
    "Libya": 1.5755869334758852,
    "Liechtenstein": 0.10298785593187344,
    "Lithuania": 1.3085198868003274,
    "Luxembourg": 0.79104992759188,
    "Madagascar": 0.4488058931950756,
    "Malawi": 0.09973914391692984,
    "Mali": 0.7234002459888056,
    "Malta": 0.13746419119570463,
    "Martinique": 0.5617093652017938,
    "Mauritania": 0.24065342633449072,
    "Mexico": 1.5569561240664238,
    "Moldova": 0.4784460014961364,
    "Montenegro": 0.9723141249703736,
    "Montserrat": 0.825168057476394,
    "Morocco": 1.9986082092185247,
    "Mozambique": 0.6869607110176517,
    "Myanmar": 0.4250330621903358,
    "Namibia": 0.2439144887348139,
    "Nepal": 0.7021236504798929,
    "Netherlands": 2.943755939763473,
    "New Zealand": 2.6017553601698604,
    "Nicaragua": 0.0514992679979965,
    "Niger": 1.232307061056608,
    "Nigeria": 1.41052814841752,
    "North Korea": 0.9699398283062639,
    "North Macedonia": 0.6122787931567192,
    "Northern Ireland": 0.6175242158074201,
    "Norway": 3.7094585419902084,
    "Oman": 0.8350137384661627,
    "Pakistan": 0.18252691083645814,
    "Palestine": 1.2891009198991905,
    "Panama": 1.5268541937758315,
    "Paraguay": 1.3051834226973298,
    "Peru": 0.4474245028169542,
    "Philippines": 0.30768208015443943,
    "Poland": 1.9339491188871818,
    "Portugal": 3.050825157372531,
    "Qatar": 1.2788061188543463,
    "Republic of Ireland": 1.563152582263836,
    "Romania": 0.827184863485342,
    "Russia": 0.9723862810121023,
    "Rwanda": 0.40367690019976477,
    "Saint Kitts and Nevis": 0.6489776595948622,
    "Saint Lucia": 0.5970215019444759,
    "San Marino": 0.05106803722640194,
    "Saudi Arabia": 1.2374416790977152,
    "Scotland": 1.8481542868950604,
    "Senegal": 1.9251734108496454,
    "Serbia": 1.3506640046463334,
    "Seychelles": 0.24985276940404888,
    "Sierra Leone": 0.7878501738809935,
    "Singapore": 0.37264987720709397,
    "Sint Maarten": 0.17434993215888062,
    "Slovakia": 1.5756376557568952,
    "Slovenia": 0.9098175851383571,
    "South Africa": 1.2381802349511,
    "South Korea": 1.9854567890506656,
    "South Sudan": 0.5317835668725847,
    "Spain": 3.328960318770988,
    "Sri Lanka": 0.8078478807204028,
    "Sudan": 0.42028342324070156,
    "Suriname": 0.3330634852754702,
    "Sweden": 2.645301259633483,
    "Switzerland": 2.471832891728392,
    "Syria": 0.7339035588097016,
    "São Tomé and Príncipe": 0.15994231240329088,
    "Taiwan": 1.0562808197162983,
    "Tajikistan": 0.32156948214269854,
    "Tanzania": 0.34603604839564284,
    "Thailand": 0.7659700820582276,
    "Togo": 0.3511585267546545,
    "Trinidad and Tobago": 0.6396285694071945,
    "Tunisia": 1.3923579450445274,
    "Turkey": 2.3095172116841436,
    "Turkmenistan": 0.6705750818038135,
    "Uganda": 0.8876591791529441,
    "Ukraine": 1.2946550644939006,
    "United Arab Emirates": 1.1660107506355966,
    "United States": 1.9357880819692785,
    "Uruguay": 1.5107611082824957,
    "Uzbekistan": 1.3033891616020876,
    "Venezuela": 1.7251255219506616,
    "Vietnam": 1.555360629136012,
    "Wales": 1.5605144974978005,
    "Yemen": 0.9803421137783375,
    "Zambia": 1.0195963019476866,
    "Zimbabwe": 1.0821786506426831
  },
  "defense": {
    "Afghanistan": 1.0,
    "Albania": 0.48772498155919153,
    "Algeria": 0.8716787477521679,
    "Andorra": 0.47859699543928286,
    "Angola": 0.7667583056430967,
    "Argentina": 0.3086515438080257,
    "Armenia": 1.6329569713285936,
    "Aruba": 3.7994713014273747,
    "Australia": 0.3377843162788505,
    "Austria": 0.5631923567355213,
    "Azerbaijan": 1.0406981666718216,
    "Bahrain": 1.1825233675723064,
    "Bangladesh": 1.9968460958007663,
    "Barbados": 3.026242468601891,
    "Belarus": 1.0130121824572937,
    "Belgium": 0.7165310706582966,
    "Benin": 1.5072723340890515,
    "Bermuda": 4.120656194752776,
    "Bolivia": 1.1820346912437907,
    "Bosnia and Herzegovina": 0.8494763927627696,
    "Botswana": 1.4313433359437437,
    "Brazil": 0.5089734141375608,
    "Bulgaria": 1.170161892325179,
    "Burkina Faso": 0.8614182155764256,
    "Burundi": 0.6583884110382447,
    "Cambodia": 4.444696197672228,
    "Cameroon": 0.7838651233130773,
    "Canada": 0.7139752895872385,
    "Cape Verde": 0.7066946984855724,
    "Central African Republic": 2.3042442500601834,
    "Chad": 1.9097175764204655,
    "Chile": 0.7032480748689874,
    "China PR": 1.1133657622661852,
    "Colombia": 0.6419512394119656,
    "Comoros": 1.080081679215784,
    "Congo": 1.2826897507829866,
    "Costa Rica": 0.949492519849256,
    "Croatia": 0.590383718408673,
    "Cuba": 1.8798952126904496,
    "Curaçao": 1.288429467230497,