{
  "attack": {
    "Afghanistan": 1.0,
    "Albania": 0.5720702084335437,
    "Algeria": 1.8175167694670915,
    "Andorra": 0.26880938178119834,
    "Angola": 0.767010528121423,
    "Argentina": 2.5173674969237054,
    "Armenia": 0.7425367812980993,
    "Aruba": 0.5381109107451816,
    "Australia": 1.7954652561650197,
    "Austria": 2.136324305926906,
    "Azerbaijan": 0.7191431876504796,
    "Bahrain": 1.4200399003235697,
    "Bangladesh": 0.51898178916857,
    "Barbados": 0.6764431211699716,
    "Belarus": 1.117887256137516,
    "Belgium": 2.4460488207607627,
    "Benin": 0.4667400150973452,
    "Bermuda": 0.6254096410868624,
    "Bolivia": 0.9976147303463195,
    "Bosnia and Herzegovina": 1.3825125870620767,
    "Botswana": 0.6381639645037972,
    "Brazil": 1.9103460921473372,
    "Bulgaria": 0.30895578185623124,
    "Burkina Faso": 0.4764887538375976,
    "Burundi": 0.1287574878378517,
    "Cambodia": 0.8993226103459342,
    "Cameroon": 1.1659291994913108,
    "Canada": 1.7048318994090301,
    "Cape Verde": 0.9801399866099192,
    "Central African Republic": 0.7885724411430822,
    "Chad": 0.3709710147811594,
    "Chile": 0.2659204530450458,
    "China PR": 0.5602026905386615,
    "Colombia": 2.435269645641646,
    "Comoros": 0.8485186395488309,
    "Congo": 0.32408395680742,
    "Costa Rica": 0.9856633599432312,
    "Croatia": 2.262783865883761,
    "Cuba": 0.9254495517220473,
    "Curaçao": 0.9822705547987386,
    "Cyprus": 0.7941737520092422,
    "Czech Republic": 1.8219482896395698,
    "DR Congo": 1.1617915110251873,
    "Denmark": 2.052089208181225,
    "Djibouti": 0.2640631594756606,
    "Ecuador": 1.0056581137192397,
    "Egypt": 1.2714378321354358,
    "El Salvador": 0.13214557256397028,
    "England": 3.5875784675526985,
    "Equatorial Guinea": 0.5509554978881196,
    "Estonia": 0.29808334032623063,
    "Eswatini": 0.3120593129872936,
    "Ethiopia": 0.6303509973383442,
    "Faroe Islands": 1.0339986257614147,
    "Finland": 0.4542941756259884,
    "France": 2.8132115439303944,
    "Gabon": 1.5014053614909777,
    "Gambia": 0.47923493203266976,
    "Georgia": 1.5922535990238709,
    "Germany": 3.4853390641470234,
    "Ghana": 1.1777002724023027,
    "Gibraltar": 0.06445709738902279,
    "Greece": 2.32145360308033,
    "Grenada": 0.21985691255086778,
    "Guadeloupe": 2.6405765788044864,
    "Guatemala": 1.054063939273622,
    "Guinea": 0.7829719550215195,
    "Guinea-Bissau": 0.3251153690538828,
    "Guyana": 0.5346201944321348,
    "Haiti": 1.0231180371768926,
    "Honduras": 1.129412842479228,
    "Hong Kong": 0.5869957661512522,
    "Hungary": 1.5325159092362723,
    "Iceland": 1.7393705980762284,
    "India": 0.40062907131799275,
    "Indonesia": 1.0626441860339475,
    "Iran": 1.706140697484275,
    "Iraq": 1.128939825045907,
    "Israel": 1.3037038920743436,
    "Italy": 1.7224798261894763,
    "Ivory Coast": 1.4745590895329777,
    "Jamaica": 0.7204605631404232,
    "Japan": 2.546529689429467,
    "Jordan": 2.0180221461762335,
    "Kazakhstan": 0.3103886031663401,
    "Kenya": 0.29480001148755924,
    "Kosovo": 0.8898348453490879,
    "Kuwait": 0.9709152692239584,
    "Kyrgyzstan": 1.3801176643350241,
    "Latvia": 0.2875894983908341,
    "Lebanon": 0.31333768342001406,
    "Lesotho": 0.9151835350832349,
    "Liberia": 0.24644353318436374,
    "Libya": 1.6320569263690323,
    "Liechtenstein": 0.12073402412441779,
    "Lithuania": 1.2388623220822208,
    "Luxembourg": 0.7351911136946773,
    "Madagascar": 0.45479238816151857,
    "Malawi": 0.12092410325573404,
    "Mali": 0.721915024783392,
    "Malta": 0.1628847154634011,
    "Martinique": 0.5877855255992315,
    "Mauritania": 0.23980256945754086,
    "Mexico": 1.5793342513768054,
    "Moldova": 0.4679369633255541,
    "Montenegro": 0.9306422377569415,
    "Montserrat": 0.8437919676652192,
    "Morocco": 1.948187923595696,
    "Mozambique": 0.6857413494361685,
    "Myanmar": 0.4728455791637094,
    "Namibia": 0.26286346617195866,
    "Nepal": 0.7396648875480086,
    "Netherlands": 2.8593672735335476,
    "New Zealand": 2.768063219064796,
    "Nicaragua": 0.06664840500307406,
    "Niger": 1.286307270085906,
    "Nigeria": 1.4366143002760878,
    "North Korea": 0.9583543470790178,
    "North Macedonia": 0.594704873506164,
    "Northern Ireland": 0.5959530933076368,
    "Norway": 3.5939834783311606,
    "Oman": 0.8221847536582918,
    "Pakistan": 0.21936925448791486,
    "Palestine": 1.2592765910797945,
    "Panama": 1.512280972934374,
    "Paraguay": 1.348070330739703,
    "Peru": 0.4139992751910694,
    "Philippines": 0.3540181381141935,
    "Poland": 1.8542026319608396,
    "Portugal": 2.9761436929745857,
    "Qatar": 1.2484579517067915,
    "Republic of Ireland": 1.4881310731998907,
    "Romania": 0.7983591630806222,
    "Russia": 0.9645628890001032,
    "Rwanda": 0.427758510128029,
    "Saint Kitts and Nevis": 0.6857345358937897,
    "Saint Lucia": 0.5852151508887955,
    "San Marino": 0.06459224122141097,
    "Saudi Arabia": 1.209083579888465,
    "Scotland": 1.8393375562399015,
    "Senegal": 1.8660593393112521,
    "Serbia": 1.3016558511791074,
    "Seychelles": 0.2947290804741116,
    "Sierra Leone": 0.7974976790805459,
    "Singapore": 0.42104624115618156,
    "Sint Maarten": 0.21259287001025495,
    "Slovakia": 1.5058635246166072,
    "Slovenia": 0.8803458008586449,
    "South Africa": 1.2143906588156097,
    "South Korea": 1.9394203977285471,
    "South Sudan": 0.5254518502879719,
    "Spain": 3.2410892187518674,
    "Sri Lanka": 0.8342277932795354,
    "Sudan": 0.406912028850316,
    "Suriname": 0.33089740471003504,
    "Sweden": 2.590675047232028,
    "Switzerland": 2.378540142665876,
    "Syria": 0.7296950124711993,
    "São Tomé and Príncipe": 0.19314866342445522,
    "Taiwan": 1.0451172165312248,
    "Tajikistan": 0.3394598904081193,
    "Tanzania": 0.3441860420772086,
    "Thailand": 0.7706759897751989,
    "Togo": 0.3509931459935253,
    "Trinidad and Tobago": 0.6449905157142322,
    "Tunisia": 1.3740002851679103,
    "Turkey": 2.2772947329335413,
    "Turkmenistan": 0.6765958964884172,
    "Uganda": 0.8819594031020281,
    "Ukraine": 1.2391249596362082,
    "United Arab Emirates": 1.1546907170185556,
    "United States": 1.9689524784638208,
    "Uruguay": 1.5563496079527048,
    "Uzbekistan": 1.277905505837215,
    "Venezuela": 1.789972828366841,
    "Vietnam": 1.525877404448684,
    "Wales": 1.49918590392211,
    "Yemen": 0.9570346428226956,
    "Zambia": 1.0823077163423604,
    "Zimbabwe": 1.0872097008242496
  },
  "defense": {
    "Afghanistan": 1.0,
    "Albania": 0.495873938903661,
    "Algeria": 0.8624802017767689,
    "Andorra": 0.48550097099413775,
    "Angola": 0.7996426622515146,
    "Argentina": 0.2996267475036282,
    "Armenia": 1.6053097459782748,
    "Aruba": 3.8703031941027195,
    "Australia": 0.3505353136282078,
    "Austria": 0.5852471655160456,
    "Azerbaijan": 1.033379503072279,
    "Bahrain": 1.2187372404577266,
    "Bangladesh": 2.170004299360124,
    "Barbados": 3.2907291596141377,
    "Belarus": 1.0158430473942837,
    "Belgium": 0.7333442645932292,
    "Benin": 1.5582849480345453,
    "Bermuda": 4.289884644738088,
    "Bolivia": 1.1633449756678278,
    "Bosnia and Herzegovina": 0.8820657883688421,
    "Botswana": 1.4718258055928068,
    "Brazil": 0.512377812818091,
    "Bulgaria": 1.1699672825111305,
    "Burkina Faso": 0.8671165411022304,
    "Burundi": 0.6641990395129408,
    "Cambodia": 3.7098711514243017,
    "Cameroon": 0.7923770254337105,
    "Canada": 0.7336042180304115,
    "Cape Verde": 0.7134040724487544,
    "Central African Republic": 2.411950327972518,
    "Chad": 1.8836115654037897,
    "Chile": 0.6843347470586202,
    "China PR": 1.161718543980161,
    "Colombia": 0.629224876435341,
    "Comoros": 1.1105540801247353,
    "Congo": 1.3167618191571115,
    "Costa Rica": 0.9479285344283053,
    "Croatia": 0.5941063900421231,
    "Cuba": 1.8290575982635233,
    "Curaçao": 1.2951422110966926,